DROP DATABASE IF EXISTS bookstore_development;
CREATE DATABASE bookstore_development;
USE bookstore_development;

CREATE TABLE `authors` (
  `id` bigint(20) NOT NULL AUTO_INCREMENT,
  `first_name` varchar(255) DEFAULT NULL,
  `last_name` varchar(255) DEFAULT NULL,
  PRIMARY KEY (`id`)
);
INSERT INTO `authors` VALUES (1,'Kiesha','Ebert'),(2,'Geralyn','Swaniawski'),(3,'Sean','Schuppe'),(4,'Lizette','Durgan'),(5,'Lance','Ondricka'),(6,'Devin','Rippin'),(7,'Rosario','Blanda'),(8,'Johnson','Predovic'),(9,'Winston','Walker'),(10,'Jackson','Dickens');

CREATE TABLE `books` (
  `id` bigint(20) NOT NULL AUTO_INCREMENT,
  `title` varchar(255) DEFAULT NULL,
  `author_id` bigint(20) DEFAULT NULL,
  PRIMARY KEY (`id`)
);
INSERT INTO `books` VALUES (1,'By Grand Central Station I Sat Down and Wept',2),(2,'Pale Kings and Princes',7),(3,'Where Angels Fear to Tread',8),(4,'This Side of Paradise',7),(5,'Quo Vadis',2),(6,'Taming a Sea Horse',6),(7,'Taming a Sea Horse',4),(8,'The Needles Eye',6),(9,'Number the Stars',9),(10,'All Passion Spent',9);

CREATE TABLE `purchases` (
  `id` bigint(20) NOT NULL AUTO_INCREMENT,
  `purchase_date` datetime DEFAULT NULL,
  `book_id` bigint(20) DEFAULT NULL,
  PRIMARY KEY (`id`)
);
INSERT INTO `purchases` VALUES (1,'2019-09-05 00:00:00',1),(2,'2017-05-30 00:00:00',7),(3,'2019-06-15 00:00:00',9),(4,'2020-01-18 00:00:00',6),(5,'2018-08-30 00:00:00',7),(6,'2017-07-07 00:00:00',1),(7,'2019-09-20 00:00:00',10),(8,'2017-08-22 00:00:00',4),(9,'2019-09-18 00:00:00',5),(10,'2019-05-03 00:00:00',5),(11,'2019-01-28 00:00:00',7),(12,'2019-04-30 00:00:00',6),(13,'2019-06-21 00:00:00',2),(14,'2019-10-14 00:00:00',10),(15,'2019-07-01 00:00:00',7),(16,'2018-08-10 00:00:00',2),(17,'2019-03-23 00:00:00',7),(18,'2018-09-07 00:00:00',3),(19,'2019-01-12 00:00:00',6),(20,'2018-10-02 00:00:00',8),(21,'2018-09-19 00:00:00',8),(22,'2017-06-15 00:00:00',4),(23,'2018-08-30 00:00:00',7),(24,'2017-06-14 00:00:00',1),(25,'2018-07-29 00:00:00',9),(26,'2018-01-28 00:00:00',7),(27,'2017-05-21 00:00:00',6),(28,'2019-11-07 00:00:00',2),(29,'2018-09-20 00:00:00',1),(30,'2018-01-14 00:00:00',8),(31,'2019-01-05 00:00:00',9),(32,'2018-03-11 00:00:00',4),(33,'2019-01-12 00:00:00',4),(34,'2018-01-02 00:00:00',4),(35,'2017-12-16 00:00:00',4),(36,'2018-10-12 00:00:00',6),(37,'2017-07-15 00:00:00',8),(38,'2017-09-30 00:00:00',2),(39,'2019-10-08 00:00:00',9),(40,'2019-11-25 00:00:00',2),(41,'2018-06-25 00:00:00',3),(42,'2019-07-21 00:00:00',8),(43,'2019-01-29 00:00:00',4),(44,'2019-01-17 00:00:00',3),(45,'2018-11-14 00:00:00',4),(46,'2019-02-06 00:00:00',4),(47,'2017-08-06 00:00:00',5),(48,'2018-08-03 00:00:00',2),(49,'2017-06-18 00:00:00',1),(50,'2019-01-21 00:00:00',5),(51,'2018-06-19 00:00:00',2),(52,'2019-09-20 00:00:00',9),(53,'2019-10-06 00:00:00',9),(54,'2019-06-08 00:00:00',9),(55,'2019-04-07 00:00:00',7),(56,'2020-01-18 00:00:00',5),(57,'2017-09-03 00:00:00',3),(58,'2018-01-05 00:00:00',10),(59,'2018-11-10 00:00:00',1),(60,'2018-05-16 00:00:00',3),(61,'2017-11-19 00:00:00',2),(62,'2018-04-24 00:00:00',4),(63,'2019-10-03 00:00:00',8),(64,'2019-10-22 00:00:00',4),(65,'2020-01-31 00:00:00',1),(66,'2018-08-01 00:00:00',4),(67,'2018-12-05 00:00:00',6),(68,'2018-06-28 00:00:00',5),(69,'2019-01-12 00:00:00',5),(70,'2017-09-25 00:00:00',4),(71,'2018-10-03 00:00:00',8),(72,'2019-08-05 00:00:00',6),(73,'2018-08-11 00:00:00',5),(74,'2017-05-17 00:00:00',5),(75,'2018-03-21 00:00:00',6),(76,'2018-06-12 00:00:00',2),(77,'2017-12-18 00:00:00',7),(78,'2019-04-08 00:00:00',5),(79,'2020-01-01 00:00:00',9),(80,'2019-11-09 00:00:00',9),(81,'2018-10-10 00:00:00',6),(82,'2020-01-03 00:00:00',3),(83,'2019-09-13 00:00:00',3),(84,'2018-01-09 00:00:00',4),(85,'2017-12-02 00:00:00',1),(86,'2019-03-19 00:00:00',9),(87,'2018-03-14 00:00:00',2),(88,'2018-06-21 00:00:00',9),(89,'2019-06-17 00:00:00',1),(90,'2019-10-23 00:00:00',5),(91,'2017-05-21 00:00:00',5),(92,'2018-01-23 00:00:00',1),(93,'2019-01-14 00:00:00',3),(94,'2019-09-15 00:00:00',2),(95,'2017-12-07 00:00:00',5),(96,'2017-10-17 00:00:00',8),(97,'2019-08-09 00:00:00',4),(98,'2019-06-15 00:00:00',10),(99,'2020-01-26 00:00:00',4),(100,'2018-04-02 00:00:00',3),(101,'2018-05-16 00:00:00',10),(102,'2020-01-26 00:00:00',10),(103,'2018-08-23 00:00:00',4),(104,'2018-01-11 00:00:00',6),(105,'2019-03-20 00:00:00',9),(106,'2018-03-04 00:00:00',7),(107,'2018-10-15 00:00:00',1),(108,'2017-10-29 00:00:00',7),(109,'2019-02-14 00:00:00',9),(110,'2019-02-16 00:00:00',3),(111,'2019-02-05 00:00:00',9),(112,'2019-09-21 00:00:00',8),(113,'2019-11-09 00:00:00',3),(114,'2018-08-25 00:00:00',3),(115,'2019-09-04 00:00:00',7),(116,'2018-09-29 00:00:00',7),(117,'2019-07-10 00:00:00',8),(118,'2018-08-27 00:00:00',6),(119,'2018-01-04 00:00:00',7),(120,'2018-05-30 00:00:00',1),(121,'2018-10-14 00:00:00',10),(122,'2019-06-29 00:00:00',9),(123,'2018-08-09 00:00:00',1),(124,'2018-08-11 00:00:00',9),(125,'2019-05-20 00:00:00',10),(126,'2017-05-24 00:00:00',5),(127,'2018-11-10 00:00:00',7),(128,'2019-10-03 00:00:00',5),(129,'2020-01-31 00:00:00',6),(130,'2019-12-12 00:00:00',10),(131,'2019-03-25 00:00:00',2),(132,'2018-02-01 00:00:00',4),(133,'2018-06-08 00:00:00',1),(134,'2019-09-28 00:00:00',1),(135,'2017-07-10 00:00:00',5),(136,'2019-11-08 00:00:00',3),(137,'2017-10-13 00:00:00',2),(138,'2018-02-09 00:00:00',1),(139,'2018-04-24 00:00:00',2),(140,'2019-05-06 00:00:00',2),(141,'2019-09-14 00:00:00',7),(142,'2018-12-28 00:00:00',4),(143,'2018-06-25 00:00:00',8),(144,'2019-04-13 00:00:00',10),(145,'2017-12-14 00:00:00',2),(146,'2018-01-08 00:00:00',9),(147,'2018-12-04 00:00:00',2),(148,'2017-06-07 00:00:00',6),(149,'2019-12-20 00:00:00',3),(150,'2018-08-26 00:00:00',3),(151,'2017-05-22 00:00:00',10),(152,'2017-07-07 00:00:00',8),(153,'2019-07-21 00:00:00',7),(154,'2017-10-05 00:00:00',8),(155,'2019-07-24 00:00:00',8),(156,'2020-01-01 00:00:00',9),(157,'2019-07-16 00:00:00',5),(158,'2018-01-06 00:00:00',2),(159,'2018-06-26 00:00:00',2),(160,'2018-12-29 00:00:00',8),(161,'2018-09-30 00:00:00',8),(162,'2019-06-09 00:00:00',10),(163,'2017-07-22 00:00:00',10),(164,'2019-02-07 00:00:00',7),(165,'2018-09-29 00:00:00',7),(166,'2018-10-12 00:00:00',2),(167,'2019-09-01 00:00:00',1),(168,'2019-05-12 00:00:00',2),(169,'2017-10-07 00:00:00',8),(170,'2017-07-19 00:00:00',3),(171,'2018-07-05 00:00:00',5),(172,'2019-10-30 00:00:00',2),(173,'2018-01-22 00:00:00',2),(174,'2017-12-29 00:00:00',2),(175,'2018-08-21 00:00:00',6),(176,'2019-07-30 00:00:00',10),(177,'2017-07-11 00:00:00',6),(178,'2019-08-04 00:00:00',6),(179,'2017-11-11 00:00:00',2),(180,'2019-11-24 00:00:00',9),(181,'2019-05-19 00:00:00',8),(182,'2019-05-21 00:00:00',10),(183,'2018-10-27 00:00:00',5),(184,'2018-12-02 00:00:00',9),(185,'2019-05-16 00:00:00',10),(186,'2018-11-12 00:00:00',1),(187,'2018-12-10 00:00:00',9),(188,'2017-08-21 00:00:00',10),(189,'2017-05-10 00:00:00',5),(190,'2018-03-21 00:00:00',7),(191,'2017-11-04 00:00:00',7),(192,'2018-02-20 00:00:00',8),(193,'2017-10-23 00:00:00',9),(194,'2017-08-09 00:00:00',8),(195,'2018-08-08 00:00:00',9),(196,'2018-03-22 00:00:00',8),(197,'2018-11-11 00:00:00',6),(198,'2018-02-01 00:00:00',2),(199,'2017-11-22 00:00:00',9),(200,'2019-10-30 00:00:00',4),(201,'2018-04-18 00:00:00',6),(202,'2018-06-24 00:00:00',8),(203,'2019-09-04 00:00:00',4),(204,'2019-06-23 00:00:00',1),(205,'2018-06-01 00:00:00',2),(206,'2018-06-23 00:00:00',3),(207,'2017-08-03 00:00:00',6),(208,'2017-06-24 00:00:00',1),(209,'2017-05-24 00:00:00',4),(210,'2018-09-29 00:00:00',4),(211,'2017-10-06 00:00:00',6),(212,'2018-08-09 00:00:00',6),(213,'2018-10-07 00:00:00',5),(214,'2017-12-17 00:00:00',5),(215,'2019-09-05 00:00:00',2),(216,'2018-12-03 00:00:00',2),(217,'2018-02-07 00:00:00',9),(218,'2019-04-11 00:00:00',5),(219,'2018-11-26 00:00:00',6),(220,'2018-04-25 00:00:00',6),(221,'2017-06-22 00:00:00',6),(222,'2018-11-03 00:00:00',3),(223,'2017-06-27 00:00:00',5),(224,'2018-02-22 00:00:00',5),(225,'2017-08-23 00:00:00',6),(226,'2019-09-10 00:00:00',8),(227,'2020-01-29 00:00:00',10),(228,'2017-12-07 00:00:00',9),(229,'2018-06-24 00:00:00',10),(230,'2018-09-29 00:00:00',8),(231,'2018-09-15 00:00:00',7),(232,'2019-09-15 00:00:00',8),(233,'2018-10-30 00:00:00',9),(234,'2019-12-02 00:00:00',8),(235,'2018-11-28 00:00:00',7),(236,'2018-05-31 00:00:00',5),(237,'2018-10-01 00:00:00',9),(238,'2018-09-23 00:00:00',2),(239,'2018-03-07 00:00:00',5),(240,'2018-06-27 00:00:00',8),(241,'2019-04-05 00:00:00',9),(242,'2019-06-17 00:00:00',10),(243,'2018-09-20 00:00:00',6),(244,'2020-01-05 00:00:00',1),(245,'2018-08-04 00:00:00',6),(246,'2019-07-21 00:00:00',3),(247,'2017-11-19 00:00:00',10),(248,'2019-02-20 00:00:00',1),(249,'2018-11-18 00:00:00',7),(250,'2019-08-23 00:00:00',1),(251,'2019-11-08 00:00:00',3),(252,'2017-10-26 00:00:00',3),(253,'2017-11-08 00:00:00',2),(254,'2018-03-14 00:00:00',8),(255,'2019-12-29 00:00:00',3),(256,'2018-11-01 00:00:00',5),(257,'2018-08-16 00:00:00',7),(258,'2019-07-07 00:00:00',5),(259,'2019-03-19 00:00:00',3),(260,'2019-12-29 00:00:00',5),(261,'2019-11-05 00:00:00',4),(262,'2018-11-18 00:00:00',8),(263,'2019-09-08 00:00:00',7),(264,'2019-06-10 00:00:00',2),(265,'2019-06-29 00:00:00',6),(266,'2019-05-26 00:00:00',3),(267,'2019-08-09 00:00:00',2),(268,'2019-11-25 00:00:00',5),(269,'2018-01-08 00:00:00',4),(270,'2017-11-03 00:00:00',5),(271,'2019-10-28 00:00:00',3),(272,'2019-07-20 00:00:00',1),(273,'2019-06-26 00:00:00',10),(274,'2019-09-22 00:00:00',1),(275,'2019-08-07 00:00:00',8),(276,'2019-10-16 00:00:00',10),(277,'2019-03-28 00:00:00',6),(278,'2020-01-30 00:00:00',5),(279,'2020-01-19 00:00:00',4),(280,'2017-11-23 00:00:00',9),(281,'2019-10-08 00:00:00',6),(282,'2019-09-24 00:00:00',5),(283,'2018-04-29 00:00:00',8),(284,'2018-04-22 00:00:00',6),(285,'2017-07-11 00:00:00',10),(286,'2018-05-19 00:00:00',6),(287,'2017-07-17 00:00:00',9),(288,'2019-02-01 00:00:00',3),(289,'2019-05-27 00:00:00',3),(290,'2019-03-09 00:00:00',2),(291,'2019-05-09 00:00:00',2),(292,'2019-06-19 00:00:00',9),(293,'2019-06-25 00:00:00',10),(294,'2018-12-02 00:00:00',8),(295,'2018-12-23 00:00:00',5),(296,'2019-01-14 00:00:00',7),(297,'2018-06-09 00:00:00',9),(298,'2019-04-03 00:00:00',6),(299,'2019-06-26 00:00:00',7),(300,'2017-06-19 00:00:00',1),(301,'2019-03-03 00:00:00',8),(302,'2017-05-19 00:00:00',5),(303,'2018-06-15 00:00:00',4),(304,'2019-05-10 00:00:00',7),(305,'2019-12-20 00:00:00',2),(306,'2017-12-16 00:00:00',7),(307,'2017-09-20 00:00:00',9),(308,'2018-05-21 00:00:00',3),(309,'2018-06-03 00:00:00',10),(310,'2018-04-15 00:00:00',6),(311,'2019-09-29 00:00:00',3),(312,'2018-10-21 00:00:00',6),(313,'2018-10-20 00:00:00',8),(314,'2017-07-12 00:00:00',9),(315,'2018-05-17 00:00:00',6),(316,'2019-09-24 00:00:00',7),(317,'2017-10-09 00:00:00',1),(318,'2017-08-18 00:00:00',1),(319,'2018-03-19 00:00:00',3),(320,'2018-10-18 00:00:00',2),(321,'2019-08-31 00:00:00',5),(322,'2019-02-05 00:00:00',8),(323,'2019-10-01 00:00:00',1),(324,'2018-06-27 00:00:00',8),(325,'2019-05-19 00:00:00',2),(326,'2019-11-15 00:00:00',10),(327,'2018-05-12 00:00:00',5),(328,'2018-07-11 00:00:00',2),(329,'2018-08-17 00:00:00',1),(330,'2019-07-17 00:00:00',10),(331,'2019-03-08 00:00:00',2),(332,'2017-12-02 00:00:00',7),(333,'2019-01-16 00:00:00',8),(334,'2017-07-04 00:00:00',2),(335,'2018-12-31 00:00:00',2),(336,'2017-07-09 00:00:00',6),(337,'2018-01-21 00:00:00',7),(338,'2018-11-29 00:00:00',3),(339,'2019-01-22 00:00:00',2),(340,'2019-11-22 00:00:00',10),(341,'2019-08-23 00:00:00',4),(342,'2019-01-13 00:00:00',5),(343,'2019-09-14 00:00:00',2),(344,'2019-06-14 00:00:00',2),(345,'2017-11-21 00:00:00',6),(346,'2017-09-28 00:00:00',7),(347,'2020-01-11 00:00:00',7),(348,'2018-05-12 00:00:00',10),(349,'2019-11-12 00:00:00',9),(350,'2018-06-03 00:00:00',4),(351,'2018-05-23 00:00:00',5),(352,'2019-09-05 00:00:00',8),(353,'2019-08-25 00:00:00',3),(354,'2019-11-12 00:00:00',1),(355,'2018-05-17 00:00:00',10),(356,'2018-10-31 00:00:00',3),(357,'2017-09-30 00:00:00',6),(358,'2019-10-06 00:00:00',9),(359,'2017-06-16 00:00:00',1),(360,'2018-04-13 00:00:00',8),(361,'2019-09-24 00:00:00',3),(362,'2019-12-26 00:00:00',2),(363,'2019-10-20 00:00:00',2),(364,'2019-03-14 00:00:00',10),(365,'2018-10-27 00:00:00',2),(366,'2017-07-27 00:00:00',9),(367,'2017-08-27 00:00:00',2),(368,'2019-11-03 00:00:00',9),(369,'2018-01-12 00:00:00',8),(370,'2017-05-25 00:00:00',4),(371,'2019-12-03 00:00:00',4),(372,'2017-12-23 00:00:00',7),(373,'2018-10-23 00:00:00',8),(374,'2018-02-18 00:00:00',4),(375,'2017-11-10 00:00:00',8),(376,'2017-07-05 00:00:00',5),(377,'2017-10-22 00:00:00',2),(378,'2018-06-26 00:00:00',10),(379,'2019-07-26 00:00:00',4),(380,'2018-07-04 00:00:00',9),(381,'2019-07-07 00:00:00',7),(382,'2018-09-22 00:00:00',7),(383,'2017-05-19 00:00:00',6),(384,'2018-03-08 00:00:00',2),(385,'2018-06-18 00:00:00',1),(386,'2017-10-10 00:00:00',9),(387,'2018-02-18 00:00:00',4),(388,'2018-08-29 00:00:00',7),(389,'2017-09-17 00:00:00',10),(390,'2020-01-30 00:00:00',6),(391,'2018-07-06 00:00:00',7),(392,'2018-07-11 00:00:00',7),(393,'2019-12-20 00:00:00',9),(394,'2019-11-07 00:00:00',10),(395,'2017-10-08 00:00:00',8),(396,'2018-12-05 00:00:00',6),(397,'2018-10-28 00:00:00',3),(398,'2017-12-11 00:00:00',1),(399,'2018-01-10 00:00:00',5),(400,'2018-03-23 00:00:00',6),(401,'2017-09-21 00:00:00',1),(402,'2018-05-15 00:00:00',5),(403,'2018-04-12 00:00:00',4),(404,'2019-07-22 00:00:00',7),(405,'2018-06-29 00:00:00',9),(406,'2018-04-21 00:00:00',5),(407,'2017-05-30 00:00:00',4),(408,'2019-01-26 00:00:00',7),(409,'2018-07-05 00:00:00',1),(410,'2019-11-27 00:00:00',6),(411,'2019-11-08 00:00:00',4),(412,'2018-03-30 00:00:00',6),(413,'2019-11-30 00:00:00',8),(414,'2019-09-09 00:00:00',2),(415,'2018-02-14 00:00:00',6),(416,'2017-12-28 00:00:00',2),(417,'2018-09-05 00:00:00',3),(418,'2019-02-01 00:00:00',1),(419,'2019-10-12 00:00:00',6),(420,'2017-11-30 00:00:00',9),(421,'2018-08-18 00:00:00',10),(422,'2019-08-14 00:00:00',4),(423,'2019-12-07 00:00:00',5),(424,'2019-10-26 00:00:00',5),(425,'2017-12-15 00:00:00',9),(426,'2018-02-16 00:00:00',7),(427,'2017-06-08 00:00:00',9),(428,'2018-07-11 00:00:00',5),(429,'2019-11-29 00:00:00',4),(430,'2019-10-10 00:00:00',6),(431,'2019-03-16 00:00:00',7),(432,'2017-09-27 00:00:00',9),(433,'2018-10-23 00:00:00',4),(434,'2017-10-02 00:00:00',3),(435,'2018-08-28 00:00:00',7),(436,'2019-11-05 00:00:00',6),(437,'2018-01-24 00:00:00',4),(438,'2018-02-07 00:00:00',10),(439,'2017-07-21 00:00:00',4),(440,'2019-04-10 00:00:00',3),(441,'2018-10-21 00:00:00',7),(442,'2018-10-23 00:00:00',7),(443,'2018-06-12 00:00:00',6),(444,'2018-01-30 00:00:00',10),(445,'2018-04-07 00:00:00',2),(446,'2017-08-03 00:00:00',1),(447,'2017-11-15 00:00:00',6),(448,'2017-08-30 00:00:00',8),(449,'2018-03-12 00:00:00',7),(450,'2017-07-07 00:00:00',7),(451,'2018-06-27 00:00:00',5),(452,'2018-02-28 00:00:00',9),(453,'2018-09-16 00:00:00',9),(454,'2017-10-06 00:00:00',5),(455,'2019-07-09 00:00:00',10),(456,'2018-01-05 00:00:00',10),(457,'2017-07-18 00:00:00',4),(458,'2018-08-26 00:00:00',5),(459,'2019-06-15 00:00:00',10),(460,'2020-01-09 00:00:00',2),(461,'2018-12-14 00:00:00',9),(462,'2018-08-10 00:00:00',3),(463,'2019-03-31 00:00:00',8),(464,'2018-05-02 00:00:00',10),(465,'2019-07-09 00:00:00',3),(466,'2017-06-19 00:00:00',3),(467,'2018-02-05 00:00:00',4),(468,'2017-10-05 00:00:00',4),(469,'2018-10-28 00:00:00',5),(470,'2018-08-27 00:00:00',6),(471,'2019-01-07 00:00:00',2),(472,'2019-05-21 00:00:00',10),(473,'2017-09-02 00:00:00',2),(474,'2017-07-19 00:00:00',5),(475,'2017-08-31 00:00:00',2),(476,'2019-11-12 00:00:00',4),(477,'2019-03-01 00:00:00',9),(478,'2018-05-21 00:00:00',7),(479,'2018-03-22 00:00:00',8),(480,'2018-01-22 00:00:00',9),(481,'2018-04-07 00:00:00',10),(482,'2019-11-26 00:00:00',2),(483,'2017-12-26 00:00:00',4),(484,'2018-10-30 00:00:00',7),(485,'2019-02-12 00:00:00',10),(486,'2018-05-04 00:00:00',8),(487,'2019-01-21 00:00:00',9),(488,'2019-06-16 00:00:00',2),(489,'2017-11-30 00:00:00',10),(490,'2019-05-11 00:00:00',8),(491,'2017-08-23 00:00:00',10),(492,'2018-09-24 00:00:00',4),(493,'2017-07-15 00:00:00',1),(494,'2018-06-12 00:00:00',7),(495,'2018-05-11 00:00:00',10),(496,'2018-07-15 00:00:00',4),(497,'2018-03-14 00:00:00',4),(498,'2018-11-24 00:00:00',10),(499,'2019-02-28 00:00:00',10),(500,'2018-02-09 00:00:00',2),(501,'2017-07-29 00:00:00',5),(502,'2017-05-13 00:00:00',1),(503,'2019-10-18 00:00:00',1),(504,'2019-12-22 00:00:00',8),(505,'2019-04-27 00:00:00',5),(506,'2018-08-10 00:00:00',10),(507,'2019-11-02 00:00:00',2),(508,'2019-03-11 00:00:00',8),(509,'2019-12-28 00:00:00',10),(510,'2017-10-31 00:00:00',1),(511,'2019-03-28 00:00:00',6),(512,'2019-05-19 00:00:00',3),(513,'2019-12-13 00:00:00',2),(514,'2018-04-28 00:00:00',7),(515,'2018-04-28 00:00:00',5),(516,'2019-12-27 00:00:00',4),(517,'2018-03-15 00:00:00',9),(518,'2019-07-04 00:00:00',1),(519,'2019-07-03 00:00:00',10),(520,'2017-07-02 00:00:00',8),(521,'2017-07-31 00:00:00',5),(522,'2018-06-10 00:00:00',6),(523,'2017-10-20 00:00:00',4),(524,'2018-10-02 00:00:00',7),(525,'2017-09-25 00:00:00',8),(526,'2018-03-05 00:00:00',1),(527,'2019-09-20 00:00:00',3),(528,'2018-12-25 00:00:00',1),(529,'2018-03-31 00:00:00',10),(530,'2018-06-04 00:00:00',5),(531,'2019-10-11 00:00:00',6),(532,'2018-06-05 00:00:00',2),(533,'2019-09-12 00:00:00',4),(534,'2018-07-24 00:00:00',2),(535,'2018-06-02 00:00:00',9),(536,'2019-10-31 00:00:00',8),(537,'2017-10-22 00:00:00',4),(538,'2018-04-17 00:00:00',3),(539,'2018-01-23 00:00:00',8),(540,'2018-03-04 00:00:00',5),(541,'2018-08-12 00:00:00',6),(542,'2018-05-24 00:00:00',6),(543,'2019-06-09 00:00:00',7),(544,'2018-04-22 00:00:00',1),(545,'2017-12-06 00:00:00',6),(546,'2019-04-02 00:00:00',9),(547,'2017-08-14 00:00:00',10),(548,'2017-07-19 00:00:00',4),(549,'2019-03-23 00:00:00',5),(550,'2018-09-28 00:00:00',3),(551,'2017-11-05 00:00:00',4),(552,'2019-04-04 00:00:00',8),(553,'2018-06-05 00:00:00',9),(554,'2017-08-31 00:00:00',10),(555,'2017-06-22 00:00:00',8),(556,'2018-01-22 00:00:00',7),(557,'2018-11-04 00:00:00',6),(558,'2017-10-09 00:00:00',6),(559,'2019-08-31 00:00:00',7),(560,'2018-12-16 00:00:00',8),(561,'2017-06-09 00:00:00',4),(562,'2018-11-02 00:00:00',9),(563,'2017-11-30 00:00:00',2),(564,'2018-06-20 00:00:00',3),(565,'2019-07-20 00:00:00',6),(566,'2018-10-15 00:00:00',7),(567,'2018-02-02 00:00:00',7),(568,'2018-08-12 00:00:00',9),(569,'2017-05-13 00:00:00',5),(570,'2019-11-01 00:00:00',1),(571,'2019-07-06 00:00:00',8),(572,'2018-08-25 00:00:00',4),(573,'2020-01-03 00:00:00',3),(574,'2018-08-25 00:00:00',5),(575,'2017-07-14 00:00:00',9),(576,'2018-06-18 00:00:00',3),(577,'2018-04-04 00:00:00',1),(578,'2017-10-05 00:00:00',10),(579,'2018-09-07 00:00:00',1),(580,'2019-11-10 00:00:00',4),(581,'2017-11-12 00:00:00',7),(582,'2019-08-07 00:00:00',10),(583,'2019-07-08 00:00:00',1),(584,'2018-03-27 00:00:00',8),(585,'2019-08-14 00:00:00',9),(586,'2019-09-06 00:00:00',1),(587,'2018-04-26 00:00:00',8),(588,'2018-12-27 00:00:00',7),(589,'2018-03-19 00:00:00',9),(590,'2017-08-07 00:00:00',8),(591,'2019-03-04 00:00:00',10),(592,'2018-09-13 00:00:00',8),(593,'2019-12-03 00:00:00',1),(594,'2020-01-23 00:00:00',10),(595,'2018-09-12 00:00:00',10),(596,'2018-11-04 00:00:00',4),(597,'2017-07-02 00:00:00',7),(598,'2018-04-17 00:00:00',1),(599,'2019-05-28 00:00:00',2),(600,'2017-12-20 00:00:00',6),(601,'2017-08-05 00:00:00',6),(602,'2017-10-06 00:00:00',2),(603,'2019-05-26 00:00:00',8),(604,'2018-06-20 00:00:00',6),(605,'2019-06-19 00:00:00',5),(606,'2019-09-10 00:00:00',1),(607,'2018-12-11 00:00:00',10),(608,'2019-12-04 00:00:00',6),(609,'2018-06-03 00:00:00',3),(610,'2019-11-30 00:00:00',7),(611,'2017-12-17 00:00:00',7),(612,'2019-02-03 00:00:00',5),(613,'2019-05-30 00:00:00',10),(614,'2017-07-13 00:00:00',3),(615,'2018-03-13 00:00:00',1),(616,'2018-08-07 00:00:00',1),(617,'2017-07-04 00:00:00',1),(618,'2017-07-31 00:00:00',8),(619,'2019-11-10 00:00:00',10),(620,'2020-01-14 00:00:00',4),(621,'2018-10-31 00:00:00',4),(622,'2019-03-17 00:00:00',8),(623,'2019-07-19 00:00:00',9),(624,'2017-12-21 00:00:00',6),(625,'2019-12-31 00:00:00',7),(626,'2020-01-10 00:00:00',4),(627,'2019-12-27 00:00:00',7),(628,'2019-11-21 00:00:00',4),(629,'2018-05-14 00:00:00',5),(630,'2019-10-08 00:00:00',8),(631,'2019-07-06 00:00:00',1),(632,'2019-01-24 00:00:00',5),(633,'2018-12-23 00:00:00',1),(634,'2018-06-23 00:00:00',5),(635,'2019-06-13 00:00:00',2),(636,'2018-08-19 00:00:00',1),(637,'2018-03-21 00:00:00',7),(638,'2020-01-20 00:00:00',7),(639,'2019-02-02 00:00:00',8),(640,'2018-06-11 00:00:00',7),(641,'2018-06-06 00:00:00',10),(642,'2019-03-30 00:00:00',10),(643,'2017-08-14 00:00:00',5),(644,'2019-07-17 00:00:00',4),(645,'2018-11-02 00:00:00',10),(646,'2018-02-01 00:00:00',3),(647,'2019-01-05 00:00:00',2),(648,'2018-06-12 00:00:00',9),(649,'2018-12-21 00:00:00',5),(650,'2018-01-22 00:00:00',4),(651,'2019-07-25 00:00:00',7),(652,'2017-10-30 00:00:00',6),(653,'2019-04-12 00:00:00',3),(654,'2019-11-10 00:00:00',5),(655,'2018-08-10 00:00:00',8),(656,'2018-05-28 00:00:00',5),(657,'2018-11-01 00:00:00',3),(658,'2018-04-16 00:00:00',5),(659,'2019-11-20 00:00:00',9),(660,'2017-06-03 00:00:00',3),(661,'2019-12-15 00:00:00',5),(662,'2017-11-20 00:00:00',5),(663,'2019-10-07 00:00:00',2),(664,'2019-02-15 00:00:00',3),(665,'2019-09-16 00:00:00',8),(666,'2019-05-09 00:00:00',10),(667,'2017-09-18 00:00:00',4),(668,'2018-03-05 00:00:00',1),(669,'2019-02-13 00:00:00',8),(670,'2019-12-28 00:00:00',8),(671,'2017-12-23 00:00:00',1),(672,'2018-02-17 00:00:00',2),(673,'2019-08-17 00:00:00',1),(674,'2018-03-18 00:00:00',3),(675,'2019-12-31 00:00:00',1),(676,'2017-08-27 00:00:00',7),(677,'2019-08-27 00:00:00',4),(678,'2018-03-23 00:00:00',10),(679,'2019-04-27 00:00:00',10),(680,'2019-11-25 00:00:00',9),(681,'2018-10-16 00:00:00',10),(682,'2018-08-31 00:00:00',1),(683,'2019-07-22 00:00:00',10),(684,'2017-11-25 00:00:00',3),(685,'2017-10-26 00:00:00',1),(686,'2019-02-05 00:00:00',2),(687,'2018-10-22 00:00:00',8),(688,'2019-12-31 00:00:00',4),(689,'2018-07-01 00:00:00',1),(690,'2017-06-18 00:00:00',8),(691,'2018-10-09 00:00:00',2),(692,'2019-11-02 00:00:00',3),(693,'2018-11-15 00:00:00',2),(694,'2019-06-20 00:00:00',10),(695,'2019-09-15 00:00:00',7),(696,'2019-08-26 00:00:00',4),(697,'2018-06-23 00:00:00',9),(698,'2017-05-15 00:00:00',4),(699,'2018-09-20 00:00:00',1),(700,'2017-08-17 00:00:00',10),(701,'2017-08-01 00:00:00',9),(702,'2019-10-29 00:00:00',2),(703,'2017-06-19 00:00:00',3),(704,'2019-08-06 00:00:00',8),(705,'2017-11-19 00:00:00',3),(706,'2017-11-07 00:00:00',1),(707,'2018-01-27 00:00:00',10),(708,'2018-06-01 00:00:00',1),(709,'2019-08-20 00:00:00',1),(710,'2018-05-23 00:00:00',5),(711,'2018-10-24 00:00:00',8),(712,'2018-11-04 00:00:00',7),(713,'2018-04-01 00:00:00',10),(714,'2019-05-03 00:00:00',6),(715,'2017-12-24 00:00:00',7),(716,'2019-05-12 00:00:00',3),(717,'2017-07-19 00:00:00',7),(718,'2017-07-29 00:00:00',6),(719,'2018-08-31 00:00:00',4),(720,'2019-03-26 00:00:00',8),(721,'2018-03-29 00:00:00',3),(722,'2020-01-22 00:00:00',5),(723,'2018-11-05 00:00:00',8),(724,'2018-02-25 00:00:00',2),(725,'2019-11-19 00:00:00',10),(726,'2019-09-28 00:00:00',2),(727,'2019-04-18 00:00:00',4),(728,'2019-11-13 00:00:00',9),(729,'2019-10-11 00:00:00',6),(730,'2017-12-25 00:00:00',1),(731,'2018-10-30 00:00:00',4),(732,'2018-05-27 00:00:00',3),(733,'2019-06-22 00:00:00',5),(734,'2019-08-22 00:00:00',6),(735,'2018-01-22 00:00:00',5),(736,'2017-10-02 00:00:00',7),(737,'2017-10-03 00:00:00',7),(738,'2019-07-21 00:00:00',6),(739,'2019-05-15 00:00:00',1),(740,'2019-06-13 00:00:00',1),(741,'2019-10-23 00:00:00',3),(742,'2018-05-23 00:00:00',1),(743,'2018-05-18 00:00:00',6),(744,'2019-09-04 00:00:00',8),(745,'2017-06-09 00:00:00',8),(746,'2019-10-11 00:00:00',1),(747,'2018-02-05 00:00:00',5),(748,'2020-01-24 00:00:00',7),(749,'2017-10-08 00:00:00',3),(750,'2017-09-14 00:00:00',4),(751,'2017-07-04 00:00:00',1),(752,'2019-11-30 00:00:00',6),(753,'2019-01-07 00:00:00',9),(754,'2019-08-04 00:00:00',8),(755,'2017-10-05 00:00:00',10),(756,'2019-08-31 00:00:00',5),(757,'2017-09-28 00:00:00',7),(758,'2019-02-12 00:00:00',8),(759,'2019-12-30 00:00:00',4),(760,'2019-09-11 00:00:00',2),(761,'2018-04-28 00:00:00',8),(762,'2017-10-15 00:00:00',4),(763,'2018-07-17 00:00:00',10),(764,'2019-01-12 00:00:00',7),(765,'2017-08-24 00:00:00',7),(766,'2020-01-21 00:00:00',1),(767,'2019-07-10 00:00:00',7),(768,'2019-09-29 00:00:00',8),(769,'2018-12-13 00:00:00',6),(770,'2018-02-19 00:00:00',10),(771,'2019-12-26 00:00:00',3),(772,'2019-05-04 00:00:00',9),(773,'2019-06-01 00:00:00',3),(774,'2017-06-24 00:00:00',10),(775,'2019-08-15 00:00:00',8),(776,'2020-01-17 00:00:00',3),(777,'2018-04-29 00:00:00',6),(778,'2019-03-23 00:00:00',8),(779,'2019-02-09 00:00:00',6),(780,'2019-05-30 00:00:00',5),(781,'2019-05-01 00:00:00',3),(782,'2019-05-11 00:00:00',7),(783,'2017-09-22 00:00:00',4),(784,'2018-09-03 00:00:00',1),(785,'2019-05-23 00:00:00',2),(786,'2019-05-07 00:00:00',4),(787,'2017-10-24 00:00:00',3),(788,'2017-06-05 00:00:00',9),(789,'2018-12-03 00:00:00',3),(790,'2017-12-28 00:00:00',1),(791,'2019-07-15 00:00:00',1),(792,'2019-10-26 00:00:00',5),(793,'2019-08-22 00:00:00',4),(794,'2019-09-09 00:00:00',4),(795,'2019-11-05 00:00:00',5),(796,'2019-10-25 00:00:00',8),(797,'2018-02-13 00:00:00',7),(798,'2019-05-16 00:00:00',3),(799,'2017-09-10 00:00:00',2),(800,'2019-03-10 00:00:00',9),(801,'2019-07-22 00:00:00',10),(802,'2019-05-08 00:00:00',1),(803,'2019-05-19 00:00:00',5),(804,'2018-03-11 00:00:00',8),(805,'2018-07-22 00:00:00',7),(806,'2018-04-06 00:00:00',7),(807,'2018-05-25 00:00:00',9),(808,'2018-12-26 00:00:00',9),(809,'2017-08-15 00:00:00',8),(810,'2018-07-16 00:00:00',10),(811,'2019-01-09 00:00:00',10),(812,'2017-09-18 00:00:00',9),(813,'2019-01-28 00:00:00',1),(814,'2019-07-20 00:00:00',10),(815,'2019-06-08 00:00:00',8),(816,'2018-05-20 00:00:00',4),(817,'2019-10-21 00:00:00',10),(818,'2017-07-05 00:00:00',6),(819,'2017-08-30 00:00:00',8),(820,'2018-08-25 00:00:00',10),(821,'2019-09-27 00:00:00',4),(822,'2019-11-21 00:00:00',6),(823,'2019-02-22 00:00:00',5),(824,'2018-12-04 00:00:00',3),(825,'2019-07-18 00:00:00',1),(826,'2018-05-05 00:00:00',7),(827,'2019-09-30 00:00:00',9),(828,'2019-06-26 00:00:00',2),(829,'2018-07-12 00:00:00',6),(830,'2018-03-09 00:00:00',1),(831,'2019-07-06 00:00:00',7),(832,'2019-11-15 00:00:00',6),(833,'2018-07-20 00:00:00',10),(834,'2018-04-12 00:00:00',4),(835,'2018-10-09 00:00:00',2),(836,'2017-05-20 00:00:00',9),(837,'2019-01-21 00:00:00',9),(838,'2018-05-26 00:00:00',10),(839,'2018-08-19 00:00:00',3),(840,'2018-09-10 00:00:00',2),(841,'2019-01-20 00:00:00',8),(842,'2019-04-05 00:00:00',9),(843,'2017-07-21 00:00:00',9),(844,'2018-06-17 00:00:00',10),(845,'2018-12-24 00:00:00',3),(846,'2018-02-02 00:00:00',5),(847,'2020-01-21 00:00:00',10),(848,'2019-12-21 00:00:00',7),(849,'2018-10-08 00:00:00',9),(850,'2017-09-20 00:00:00',2),(851,'2017-05-12 00:00:00',9),(852,'2018-06-02 00:00:00',10),(853,'2019-05-07 00:00:00',3),(854,'2017-06-06 00:00:00',6),(855,'2019-03-09 00:00:00',5),(856,'2019-04-17 00:00:00',7),(857,'2018-04-22 00:00:00',9),(858,'2018-01-04 00:00:00',9),(859,'2019-01-15 00:00:00',1),(860,'2017-08-05 00:00:00',1),(861,'2017-05-19 00:00:00',9),(862,'2018-01-03 00:00:00',4),(863,'2017-09-23 00:00:00',1),(864,'2017-06-15 00:00:00',3),(865,'2019-07-29 00:00:00',6),(866,'2019-06-17 00:00:00',2),(867,'2018-02-25 00:00:00',5),(868,'2017-12-17 00:00:00',2),(869,'2020-01-04 00:00:00',8),(870,'2018-06-28 00:00:00',8),(871,'2019-06-03 00:00:00',1),(872,'2019-06-05 00:00:00',1),(873,'2018-02-14 00:00:00',9),(874,'2018-04-09 00:00:00',8),(875,'2019-11-26 00:00:00',6),(876,'2019-12-16 00:00:00',8),(877,'2018-12-29 00:00:00',10),(878,'2019-11-19 00:00:00',1),(879,'2017-10-12 00:00:00',4),(880,'2019-10-28 00:00:00',2),(881,'2018-07-11 00:00:00',8),(882,'2018-09-14 00:00:00',5),(883,'2019-09-19 00:00:00',7),(884,'2018-02-09 00:00:00',1),(885,'2019-04-14 00:00:00',5),(886,'2019-07-13 00:00:00',5),(887,'2018-10-24 00:00:00',10),(888,'2020-01-09 00:00:00',10),(889,'2019-12-26 00:00:00',2),(890,'2018-10-31 00:00:00',3),(891,'2019-01-27 00:00:00',4),(892,'2017-11-16 00:00:00',2),(893,'2017-12-07 00:00:00',4),(894,'2017-10-02 00:00:00',5),(895,'2018-11-23 00:00:00',2),(896,'2018-10-28 00:00:00',8),(897,'2017-11-08 00:00:00',10),(898,'2019-11-03 00:00:00',10),(899,'2019-06-22 00:00:00',3),(900,'2019-06-29 00:00:00',8),(901,'2019-01-24 00:00:00',5),(902,'2019-07-30 00:00:00',3),(903,'2019-01-25 00:00:00',8),(904,'2018-01-27 00:00:00',7),(905,'2019-01-10 00:00:00',4),(906,'2019-09-26 00:00:00',4),(907,'2018-01-04 00:00:00',1),(908,'2019-05-30 00:00:00',9),(909,'2017-06-18 00:00:00',4),(910,'2019-04-30 00:00:00',9),(911,'2018-08-02 00:00:00',5),(912,'2019-04-26 00:00:00',3),(913,'2018-11-21 00:00:00',2),(914,'2018-03-29 00:00:00',7),(915,'2019-07-21 00:00:00',1),(916,'2019-03-22 00:00:00',2),(917,'2017-09-22 00:00:00',1),(918,'2018-08-26 00:00:00',1),(919,'2019-11-10 00:00:00',7),(920,'2018-01-28 00:00:00',10),(921,'2019-10-17 00:00:00',6),(922,'2019-12-04 00:00:00',9),(923,'2019-03-25 00:00:00',1),(924,'2018-11-25 00:00:00',1),(925,'2019-08-30 00:00:00',9),(926,'2018-09-17 00:00:00',1),(927,'2019-04-24 00:00:00',2),(928,'2018-02-07 00:00:00',2),(929,'2020-01-19 00:00:00',9),(930,'2017-05-13 00:00:00',2),(931,'2017-12-24 00:00:00',3),(932,'2017-10-05 00:00:00',3),(933,'2019-11-30 00:00:00',8),(934,'2019-01-27 00:00:00',8),(935,'2019-10-17 00:00:00',3),(936,'2019-08-21 00:00:00',10),(937,'2018-12-18 00:00:00',6),(938,'2019-09-20 00:00:00',5),(939,'2018-03-10 00:00:00',3),(940,'2018-01-28 00:00:00',10),(941,'2018-04-04 00:00:00',9),(942,'2019-01-05 00:00:00',5),(943,'2018-12-25 00:00:00',2),(944,'2019-04-05 00:00:00',9),(945,'2018-02-24 00:00:00',9),(946,'2017-08-31 00:00:00',9),(947,'2019-12-11 00:00:00',2),(948,'2017-07-02 00:00:00',1),(949,'2018-02-21 00:00:00',7),(950,'2018-12-01 00:00:00',8),(951,'2017-10-20 00:00:00',2),(952,'2019-02-02 00:00:00',5),(953,'2018-06-01 00:00:00',6),(954,'2019-02-02 00:00:00',9),(955,'2017-09-16 00:00:00',2),(956,'2017-10-15 00:00:00',8),(957,'2018-10-02 00:00:00',1),(958,'2017-06-17 00:00:00',1),(959,'2017-05-25 00:00:00',3),(960,'2019-09-17 00:00:00',7),(961,'2017-08-07 00:00:00',3),(962,'2017-06-24 00:00:00',2),(963,'2018-02-06 00:00:00',8),(964,'2019-06-14 00:00:00',3),(965,'2017-10-20 00:00:00',6),(966,'2020-01-30 00:00:00',9),(967,'2018-07-05 00:00:00',1),(968,'2019-12-10 00:00:00',9),(969,'2019-03-26 00:00:00',2),(970,'2018-01-23 00:00:00',7),(971,'2018-11-09 00:00:00',2),(972,'2019-12-08 00:00:00',3),(973,'2020-01-02 00:00:00',8),(974,'2018-10-25 00:00:00',8),(975,'2018-10-28 00:00:00',8),(976,'2018-12-16 00:00:00',10),(977,'2018-10-12 00:00:00',9),(978,'2019-03-07 00:00:00',5),(979,'2018-01-04 00:00:00',10),(980,'2019-09-06 00:00:00',9),(981,'2017-11-02 00:00:00',1),(982,'2019-01-13 00:00:00',6),(983,'2017-06-21 00:00:00',3),(984,'2019-05-31 00:00:00',5),(985,'2017-05-27 00:00:00',10),(986,'2017-06-01 00:00:00',3),(987,'2017-05-20 00:00:00',8),(988,'2019-10-11 00:00:00',2),(989,'2020-01-01 00:00:00',7),(990,'2018-04-01 00:00:00',9),(991,'2018-11-15 00:00:00',1),(992,'2019-03-10 00:00:00',9),(993,'2018-10-08 00:00:00',7),(994,'2017-12-28 00:00:00',1),(995,'2019-02-15 00:00:00',5),(996,'2017-09-10 00:00:00',5),(997,'2019-10-08 00:00:00',2),(998,'2018-07-25 00:00:00',10),(999,'2017-06-12 00:00:00',8),(1000,'2018-10-03 00:00:00',9);
